stateName,cityName,newHomeName,developerName,developerAddress,developerPhone,developerWebsite,unitName,unitStyle,br,ba,sqft,price,pps
Alabama,Alabaster,Mallard Landing,D.R. Horton,"1341 Horton Circle, Arlington, Texas, 76011, United States",817-390-8200,http://www.drhorton.com/,Clayton,Detached Bungalow,4,2,2107,346900,165
Alabama,Alabaster,Mallard Landing,D.R. Horton,"1341 Horton Circle, Arlington, Texas, 76011, United States",817-390-8200,http://www.drhorton.com/,1083 WOOD DUCK WAY,Detached Bungalow,4,2,2107,355490,169
Alabama,Alabaster,Mallard Landing,D.R. Horton,"1341 Horton Circle, Arlington, Texas, 76011, United States",817-390-8200,http://www.drhorton.com/,Carroll,Detached Two+ Story,4,2,2175,356900,164
Alabama,Alabaster,Mallard Landing,D.R. Horton,"1341 Horton Circle, Arlington, Texas, 76011, United States",817-390-8200,http://www.drhorton.com/,Elbert,Detached Two+ Story,4,2,2414,364900,151
Alabama,Alabaster,Mallard Landing,D.R. Horton,"1341 Horton Circle, Arlington, Texas, 76011, United States",817-390-8200,http://www.drhorton.com/,1080 WOOD DUCK WAY,Detached Two+ Story,4,2,2414,380290,158
Alabama,Alabaster,Mallard Landing,D.R. Horton,"1341 Horton Circle, Arlington, Texas, 76011, United States",817-390-8200,http://www.drhorton.com/,Jordan,Detached Two+ Story,4,3,2914,415900,143
Alabama,Alabaster,Mallard Landing,D.R. Horton,"1341 Horton Circle, Arlington, Texas, 76011, United States",817-390-8200,http://www.drhorton.com/,1076 WOOD DUCK WAY,Detached Two+ Story,4,3,2914,425385,146
Alabama,Alabaster,Mallard Landing,D.R. Horton,"1341 Horton Circle, Arlington, Texas, 76011, United States",817-390-8200,http://www.drhorton.com/,Embry,Detached Two+ Story,4,2,2945,415900,141
Alabama,Alabaster,Mallard Landing,D.R. Horton,"1341 Horton Circle, Arlington, Texas, 76011, United States",817-390-8200,http://www.drhorton.com/,1079 WOOD DUCK WAY,Detached Two+ Story,4,2,2945,415900,141
Alabama,Alabaster,Mallard Landing,D.R. Horton,"1341 Horton Circle, Arlington, Texas, 76011, United States",817-390-8200,http://www.drhorton.com/,Madison,Detached Two+ Story,5,4,2703,407900,151
Alabama,Albertville,Red Oak,Century CommunitiesCentury Complete,"8390 East Crescent Parkway, 650, Englewood, Colorado, 80111, United States",833-791-0192,https://www.centurycommunities.com/,260 Grande Dr,Detached Two+ Story,3,2,1416,202990,143
Alabama,Albertville,Red Oak,Century CommunitiesCentury Complete,"8390 East Crescent Parkway, 650, Englewood, Colorado, 80111, United States",833-791-0192,https://www.centurycommunities.com/,222 Grande Dr,Detached Two+ Story,4,2,1684,215990,128
Alabama,Athens,Mallard Landing,Davidson Homes,"336 James Record Road Southwest, Huntsville, Alabama, 35824, United States",877-999-2009,http://davidsonhomesllc.com/,The Asheville C,Detached Bungalow,3,2,1470,249900,170
Alabama,Athens,Mallard Landing,Davidson Homes,"336 James Record Road Southwest, Huntsville, Alabama, 35824, United States",877-999-2009,http://davidsonhomesllc.com/,The Franklin C,Detached Bungalow,3,2,1620,269900,167
Alabama,Athens,Mallard Landing,Davidson Homes,"336 James Record Road Southwest, Huntsville, Alabama, 35824, United States",877-999-2009,http://davidsonhomesllc.com/,27497 Mckenna Drive,Detached Two+ Story,3,2,1620,285970,177
Alabama,Athens,Mallard Landing,Davidson Homes,"336 James Record Road Southwest, Huntsville, Alabama, 35824, United States",877-999-2009,http://davidsonhomesllc.com/,27411 Mckenna Drive,Detached Two+ Story,3,2,1620,283816,175
Alabama,Athens,Mallard Landing,Davidson Homes,"336 James Record Road Southwest, Huntsville, Alabama, 35824, United States",877-999-2009,http://davidsonhomesllc.com/,27424 Mckenna Drive,Detached Two+ Story,3,2,1620,294900,182
Alabama,Athens,Mallard Landing,Davidson Homes,"336 James Record Road Southwest, Huntsville, Alabama, 35824, United States",877-999-2009,http://davidsonhomesllc.com/,The Shelby A,Detached Two+ Story,3,2,2452,334900,137
Alabama,Athens,Mallard Landing,Davidson Homes,"336 James Record Road Southwest, Huntsville, Alabama, 35824, United States",877-999-2009,http://davidsonhomesllc.com/,The Daphne C,Detached Bungalow,4,2,1964,284900,145
Alabama,Athens,Mallard Landing,Davidson Homes,"336 James Record Road Southwest, Huntsville, Alabama, 35824, United States",877-999-2009,http://davidsonhomesllc.com/,27435 Mckenna Drive,Detached Two+ Story,4,2,1964,289900,148
Alabama,Athens,Mallard Landing,Davidson Homes,"336 James Record Road Southwest, Huntsville, Alabama, 35824, United States",877-999-2009,http://davidsonhomesllc.com/,The Everett,Detached Bungalow,4,3,2058,304900,148
Alabama,Athens,Mallard Landing,Davidson Homes,"336 James Record Road Southwest, Huntsville, Alabama, 35824, United States",877-999-2009,http://davidsonhomesllc.com/,The Charleston D,Detached Two+ Story,4,2,2505,339900,136
Alabama,Athens,Mallard Landing,Davidson Homes,"336 James Record Road Southwest, Huntsville, Alabama, 35824, United States",877-999-2009,http://davidsonhomesllc.com/,27456 Mckenna Drive,Detached Two+ Story,4,2,2572,359900,140
Alabama,Athens,Mallard Landing,Davidson Homes,"336 James Record Road Southwest, Huntsville, Alabama, 35824, United States",877-999-2009,http://davidsonhomesllc.com/,27412 Mckenna Drive,Detached Two+ Story,4,2,2572,364658,142
Alabama,Athens,Mallard Landing,Davidson Homes,"336 James Record Road Southwest, Huntsville, Alabama, 35824, United States",877-999-2009,http://davidsonhomesllc.com/,The Chelsea A,Detached Two+ Story,4,3,2769,359900,130
Alabama,Athens,Mallard Landing,Davidson Homes,"336 James Record Road Southwest, Huntsville, Alabama, 35824, United States",877-999-2009,http://davidsonhomesllc.com/,The Richmond D,Detached Two+ Story,5,3,3537,379900,107
Alabama,Athens,Mallard Landing,Davidson Homes,"336 James Record Road Southwest, Huntsville, Alabama, 35824, United States",877-999-2009,http://davidsonhomesllc.com/,27404 Mckenna Drive,Detached Two+ Story,5,3,3596,398203,111
Alabama,Athens,Newby Chapel,Davidson Homes,"336 James Record Road Southwest, Huntsville, Alabama, 35824, United States",877-999-2009,http://davidsonhomesllc.com/,12577 Tallulah Drive,Detached Two+ Story,3,2,1470,259900,177
Alabama,Athens,Newby Chapel,Davidson Homes,"336 James Record Road Southwest, Huntsville, Alabama, 35824, United States",877-999-2009,http://davidsonhomesllc.com/,12580 Tallulah Drive,Detached Two+ Story,3,2,1620,289900,179
Alabama,Athens,Old Stone,Davidson Homes,"336 James Record Road Southwest, Huntsville, Alabama, 35824, United States",877-999-2009,http://davidsonhomesllc.com/,The Rockford,Detached Bungalow,3,2,2270,349900,154
Alabama,Athens,Old Stone,Davidson Homes,"336 James Record Road Southwest, Huntsville, Alabama, 35824, United States",877-999-2009,http://davidsonhomesllc.com/,24601 Beacon Circle,Detached Two+ Story,3,2,2351,382429,163
Alabama,Athens,Old Stone,Davidson Homes,"336 James Record Road Southwest, Huntsville, Alabama, 35824, United States",877-999-2009,http://davidsonhomesllc.com/,The Shelby A,Detached Two+ Story,3,2,2452,336900,137
Alabama,Athens,Old Stone,Davidson Homes,"336 James Record Road Southwest, Huntsville, Alabama, 35824, United States",877-999-2009,http://davidsonhomesllc.com/,The Charleston D,Detached Two+ Story,4,2,2505,344900,138
Alabama,Athens,Old Stone,Davidson Homes,"336 James Record Road Southwest, Huntsville, Alabama, 35824, United States",877-999-2009,http://davidsonhomesllc.com/,24613 Beacon Circle,Detached Two+ Story,4,3,2657,405644,153
Alabama,Athens,Old Stone,Davidson Homes,"336 James Record Road Southwest, Huntsville, Alabama, 35824, United States",877-999-2009,http://davidsonhomesllc.com/,The Chelsea A,Detached Two+ Story,4,3,2769,359900,130
Alabama,Athens,Old Stone,Davidson Homes,"336 James Record Road Southwest, Huntsville, Alabama, 35824, United States",877-999-2009,http://davidsonhomesllc.com/,The Madison A,Detached Two+ Story,5,4,3199,399900,125
Alabama,Athens,Old Stone,Davidson Homes,"336 James Record Road Southwest, Huntsville, Alabama, 35824, United States",877-999-2009,http://davidsonhomesllc.com/,24575 Beacon Circle,Detached Two+ Story,5,3,3522,428586,122
Alabama,Athens,Old Stone,Davidson Homes,"336 James Record Road Southwest, Huntsville, Alabama, 35824, United States",877-999-2009,http://davidsonhomesllc.com/,The Richmond D,Detached Two+ Story,5,3,3537,384900,109
Alabama,Athens,Ricketts Farm,Davidson Homes,"336 James Record Road Southwest, Huntsville, Alabama, 35824, United States",877-999-2009,http://davidsonhomesllc.com/,The Asheville,Detached Bungalow,3,2,1470,259900,177
Alabama,Athens,Ricketts Farm,Davidson Homes,"336 James Record Road Southwest, Huntsville, Alabama, 35824, United States",877-999-2009,http://davidsonhomesllc.com/,The Franklin,Detached Bungalow,3,2,1620,274900,170
Alabama,Athens,Ricketts Farm,Davidson Homes,"336 James Record Road Southwest, Huntsville, Alabama, 35824, United States",877-999-2009,http://davidsonhomesllc.com/,The Shelby A,Detached Two+ Story,3,2,2452,344900,141
Alabama,Athens,Ricketts Farm,Davidson Homes,"336 James Record Road Southwest, Huntsville, Alabama, 35824, United States",877-999-2009,http://davidsonhomesllc.com/,The Daphne,Detached Bungalow,4,2,1964,292900,149
Alabama,Athens,Ricketts Farm,Davidson Homes,"336 James Record Road Southwest, Huntsville, Alabama, 35824, United States",877-999-2009,http://davidsonhomesllc.com/,The Everett,Detached Bungalow,4,3,2058,314900,153
Alabama,Athens,Ricketts Farm,Davidson Homes,"336 James Record Road Southwest, Huntsville, Alabama, 35824, United States",877-999-2009,http://davidsonhomesllc.com/,The Charleston D,Detached Two+ Story,4,2,2505,349900,140
Alabama,Athens,Ricketts Farm,Davidson Homes,"336 James Record Road Southwest, Huntsville, Alabama, 35824, United States",877-999-2009,http://davidsonhomesllc.com/,The Chelsea A,Detached Two+ Story,4,3,2769,369900,134
Alabama,Athens,Ricketts Farm,Davidson Homes,"336 James Record Road Southwest, Huntsville, Alabama, 35824, United States",877-999-2009,http://davidsonhomesllc.com/,The Richmond D,Detached Two+ Story,5,3,3537,389900,110
Alabama,Athens,Sycamore Square,D.R. Horton,"1341 Horton Circle, Arlington, Texas, 76011, United States",817-390-8200,http://www.drhorton.com/,CALI,Detached Bungalow,4,2,1884,304490,162
Alabama,Athens,Sycamore Square,D.R. Horton,"1341 Horton Circle, Arlington, Texas, 76011, United States",817-390-8200,http://www.drhorton.com/,25247 Delilah Circle,Detached Bungalow,4,2,2336,314900,135
Alabama,Athens,Sycamore Square,D.R. Horton,"1341 Horton Circle, Arlington, Texas, 76011, United States",817-390-8200,http://www.drhorton.com/,DENTON,Detached Bungalow,4,2,2336,338490,145
Alabama,Athens,The Links at Canebrake,D.R. Horton,"1341 Horton Circle, Arlington, Texas, 76011, United States",817-390-8200,http://www.drhorton.com/,KERRY,Detached Bungalow,3,2,1537,275990,180
Alabama,Athens,The Links at Canebrake,D.R. Horton,"1341 Horton Circle, Arlington, Texas, 76011, United States",817-390-8200,http://www.drhorton.com/,14293 Leadenhall Lane,Detached Bungalow,3,2,1537,276900,180
Alabama,Athens,The Links at Canebrake,D.R. Horton,"1341 Horton Circle, Arlington, Texas, 76011, United States",817-390-8200,http://www.drhorton.com/,22854 Regent Drive,Detached Bungalow,3,2,1537,276900,180
Alabama,Athens,The Links at Canebrake,D.R. Horton,"1341 Horton Circle, Arlington, Texas, 76011, United States",817-390-8200,http://www.drhorton.com/,14278 Leadenhall Lane,Detached Bungalow,3,2,1537,276900,180
Alabama,Athens,The Links at Canebrake,D.R. Horton,"1341 Horton Circle, Arlington, Texas, 76011, United States",817-390-8200,http://www.drhorton.com/,14348 Leadenhall Lane,Detached Bungalow,3,2,1537,276900,180
Alabama,Athens,The Links at Canebrake,D.R. Horton,"1341 Horton Circle, Arlington, Texas, 76011, United States",817-390-8200,http://www.drhorton.com/,14317 Leadenhall Lane,Detached Bungalow,3,2,1537,272900,178
Alabama,Athens,The Links at Canebrake,D.R. Horton,"1341 Horton Circle, Arlington, Texas, 76011, United States",817-390-8200,http://www.drhorton.com/,14353 Leadenhall Lane,Detached Bungalow,3,2,1537,276900,180
Alabama,Athens,The Links at Canebrake,D.R. Horton,"1341 Horton Circle, Arlington, Texas, 76011, United States",817-390-8200,http://www.drhorton.com/,ARIA,Detached Bungalow,3,2,1683,285990,170
Alabama,Athens,The Links at Canebrake,D.R. Horton,"1341 Horton Circle, Arlington, Texas, 76011, United States",817-390-8200,http://www.drhorton.com/,14254 Leadenhall Lane,Detached Bungalow,3,2,1683,286900,170
Alabama,Athens,The Links at Canebrake,D.R. Horton,"1341 Horton Circle, Arlington, Texas, 76011, United States",817-390-8200,http://www.drhorton.com/,CALI,Detached Bungalow,4,2,1884,295990,157
Alabama,Athens,The Links at Canebrake,D.R. Horton,"1341 Horton Circle, Arlington, Texas, 76011, United States",817-390-8200,http://www.drhorton.com/,14349 Leadenhall Lane,Detached Bungalow,4,2,1884,296900,158
Alabama,Athens,The Links at Canebrake,D.R. Horton,"1341 Horton Circle, Arlington, Texas, 76011, United States",817-390-8200,http://www.drhorton.com/,22814 Regent Drive,Detached Bungalow,4,2,1884,296900,158
Alabama,Athens,The Links at Canebrake,D.R. Horton,"1341 Horton Circle, Arlington, Texas, 76011, United States",817-390-8200,http://www.drhorton.com/,21996 Chancery Lane,Detached Bungalow,4,2,1884,318225,169
Alabama,Athens,The Links at Canebrake,D.R. Horton,"1341 Horton Circle, Arlington, Texas, 76011, United States",817-390-8200,http://www.drhorton.com/,22099 Chancery Lane,Detached Bungalow,4,2,1884,279900,149
Alabama,Athens,The Links at Canebrake,D.R. Horton,"1341 Horton Circle, Arlington, Texas, 76011, United States",817-390-8200,http://www.drhorton.com/,The Madison,Detached Bungalow,4,3,2019,325990,161
Alabama,Athens,The Links at Canebrake,D.R. Horton,"1341 Horton Circle, Arlington, Texas, 76011, United States",817-390-8200,http://www.drhorton.com/,ROBINSON,Detached Bungalow,4,3,2108,320990,152
Alabama,Athens,The Links at Canebrake,D.R. Horton,"1341 Horton Circle, Arlington, Texas, 76011, United States",817-390-8200,http://www.drhorton.com/,14352 Leadenhall Lane,Detached Bungalow,4,3,2108,309900,147
Alabama,Athens,The Links at Canebrake,D.R. Horton,"1341 Horton Circle, Arlington, Texas, 76011, United States",817-390-8200,http://www.drhorton.com/,22079 Chancery Lane,Detached Bungalow,4,3,2108,326900,155
Alabama,Athens,The Links at Canebrake,D.R. Horton,"1341 Horton Circle, Arlington, Texas, 76011, United States",817-390-8200,http://www.drhorton.com/,14341 Leadenhall Lane,Detached Bungalow,4,3,2108,326900,155
Alabama,Athens,The Links at Canebrake,D.R. Horton,"1341 Horton Circle, Arlington, Texas, 76011, United States",817-390-8200,http://www.drhorton.com/,14292 Leadenhall Lane,Detached Bungalow,4,3,2108,326900,155
Alabama,Athens,The Links at Canebrake,D.R. Horton,"1341 Horton Circle, Arlington, Texas, 76011, United States",817-390-8200,http://www.drhorton.com/,14255 Leadenhall Lane,Detached Bungalow,4,3,2108,312000,148
Alabama,Athens,The Links at Canebrake,D.R. Horton,"1341 Horton Circle, Arlington, Texas, 76011, United States",817-390-8200,http://www.drhorton.com/,The Kathryn,Detached Bungalow,4,3,2377,352990,149
Alabama,Athens,The Links at Canebrake,D.R. Horton,"1341 Horton Circle, Arlington, Texas, 76011, United States",817-390-8200,http://www.drhorton.com/,22111 Chancery Lane,Detached Bungalow,4,3,2377,339900,143
Alabama,Athens,The Meadows,Davidson Homes,"336 James Record Road Southwest, Huntsville, Alabama, 35824, United States",877-999-2009,http://davidsonhomesllc.com/,The Asheville,Detached Bungalow,3,2,1470,259900,177
Alabama,Athens,The Meadows,Davidson Homes,"336 James Record Road Southwest, Huntsville, Alabama, 35824, United States",877-999-2009,http://davidsonhomesllc.com/,The Franklin,Detached Bungalow,3,2,1620,269900,167
Alabama,Athens,The Meadows,Davidson Homes,"336 James Record Road Southwest, Huntsville, Alabama, 35824, United States",877-999-2009,http://davidsonhomesllc.com/,The Shelby A,Detached Two+ Story,3,2,2452,334900,137
Alabama,Athens,The Meadows,Davidson Homes,"336 James Record Road Southwest, Huntsville, Alabama, 35824, United States",877-999-2009,http://davidsonhomesllc.com/,The Daphne,Detached Bungalow,4,2,1964,289900,148
Alabama,Athens,The Meadows,Davidson Homes,"336 James Record Road Southwest, Huntsville, Alabama, 35824, United States",877-999-2009,http://davidsonhomesllc.com/,The Everett,Detached Bungalow,4,3,2058,314900,153
Alabama,Athens,The Meadows,Davidson Homes,"336 James Record Road Southwest, Huntsville, Alabama, 35824, United States",877-999-2009,http://davidsonhomesllc.com/,The Charleston D,Detached Two+ Story,4,2,2505,339900,136
Alabama,Athens,The Meadows,Davidson Homes,"336 James Record Road Southwest, Huntsville, Alabama, 35824, United States",877-999-2009,http://davidsonhomesllc.com/,The Chelsea A,Detached Two+ Story,4,3,2769,359900,130
Alabama,Athens,The Meadows,Davidson Homes,"336 James Record Road Southwest, Huntsville, Alabama, 35824, United States",877-999-2009,http://davidsonhomesllc.com/,The Richmond D,Detached Two+ Story,5,3,3537,379900,107
Alabama,Baldwin County,Hearon Village,D.R. Horton,"1341 Horton Circle, Arlington, Texas, 76011, United States",817-390-8200,http://www.drhorton.com/,32793 N.PICKENS AVENUE,Detached Bungalow,4,2,1915,347059,181
Alabama,Baldwin County,Hearon Village,D.R. Horton,"1341 Horton Circle, Arlington, Texas, 76011, United States",817-390-8200,http://www.drhorton.com/,The Booth,Detached Bungalow,4,2,1915,345900,181
Alabama,Baldwin County,Hearon Village,D.R. Horton,"1341 Horton Circle, Arlington, Texas, 76011, United States",817-390-8200,http://www.drhorton.com/,32755 N.PICKENS AVENUE,Detached Bungalow,4,2,2047,351099,172
Alabama,Baldwin County,Hearon Village,D.R. Horton,"1341 Horton Circle, Arlington, Texas, 76011, United States",817-390-8200,http://www.drhorton.com/,32783 N.PICKENS AVENUE,Detached Bungalow,4,2,2047,351099,172
Alabama,Baldwin County,Hearon Village,D.R. Horton,"1341 Horton Circle, Arlington, Texas, 76011, United States",817-390-8200,http://www.drhorton.com/,The Cairn,Detached Bungalow,4,2,2047,349900,171
Alabama,Baldwin County,Hearon Village,D.R. Horton,"1341 Horton Circle, Arlington, Texas, 76011, United States",817-390-8200,http://www.drhorton.com/,32807 N.PICKENS AVENUE,Detached Bungalow,4,2,2250,371131,165
Alabama,Baldwin County,Hearon Village,D.R. Horton,"1341 Horton Circle, Arlington, Texas, 76011, United States",817-390-8200,http://www.drhorton.com/,The Denton,Detached Bungalow,4,2,2250,369900,164
Alabama,Bay Minette,Bay Minette,Maronda Homes,"11 Timberglen Drive, Imperial, Pennsylvania, 15126, United States",866-617-4642,http://www.marondahomes.com,Oak,Detached Two+ Story,3,2,1443,310800,215
Alabama,Bay Minette,Bay Minette,Maronda Homes,"11 Timberglen Drive, Imperial, Pennsylvania, 15126, United States",866-617-4642,http://www.marondahomes.com,Drexel,Detached Bungalow,3,2,1988,349200,176
Alabama,Bay Minette,Bay Minette,Maronda Homes,"11 Timberglen Drive, Imperial, Pennsylvania, 15126, United States",866-617-4642,http://www.marondahomes.com,Mesquite,Detached Two+ Story,4,2,1867,347500,186
Alabama,Bay Minette,Bay Minette,Maronda Homes,"11 Timberglen Drive, Imperial, Pennsylvania, 15126, United States",866-617-4642,http://www.marondahomes.com,Maple,Detached Two+ Story,4,2,1876,343000,183
Alabama,Bay Minette,Bay Minette,Maronda Homes,"11 Timberglen Drive, Imperial, Pennsylvania, 15126, United States",866-617-4642,http://www.marondahomes.com,Miramar,Detached Bungalow,4,2,2151,370000,172
Alabama,Bessemer,Rosser Farms,D.R. Horton,"1341 Horton Circle, Arlington, Texas, 76011, United States",817-390-8200,http://www.drhorton.com/,5671 POST OAK TRAIL,Detached Two+ Story,3,2,2175,351900,162
Alabama,Bessemer,Rosser Farms,D.R. Horton,"1341 Horton Circle, Arlington, Texas, 76011, United States",817-390-8200,http://www.drhorton.com/,Penwell,Detached Two+ Story,3,2,2175,351900,162
Alabama,Bessemer,Rosser Farms,D.R. Horton,"1341 Horton Circle, Arlington, Texas, 76011, United States",817-390-8200,http://www.drhorton.com/,5688 POST OAK TRAIL,Detached Bungalow,4,2,1497,294900,197
Alabama,Bessemer,Rosser Farms,D.R. Horton,"1341 Horton Circle, Arlington, Texas, 76011, United States",817-390-8200,http://www.drhorton.com/,5691 POST OAK TRAIL,Detached Bungalow,4,2,1497,306900,205
Alabama,Bessemer,Rosser Farms,D.R. Horton,"1341 Horton Circle, Arlington, Texas, 76011, United States",817-390-8200,http://www.drhorton.com/,5696 POST OAK TRAIL,Detached Bungalow,4,2,1497,306900,205
Alabama,Bessemer,Rosser Farms,D.R. Horton,"1341 Horton Circle, Arlington, Texas, 76011, United States",817-390-8200,http://www.drhorton.com/,5668 POST OAK TRAIL,Detached Bungalow,4,2,1497,302900,202
Alabama,Bessemer,Rosser Farms,D.R. Horton,"1341 Horton Circle, Arlington, Texas, 76011, United States",817-390-8200,http://www.drhorton.com/,Freeport,Detached Bungalow,4,2,1497,301900,202
Alabama,Bessemer,Rosser Farms,D.R. Horton,"1341 Horton Circle, Arlington, Texas, 76011, United States",817-390-8200,http://www.drhorton.com/,5675 POST OAK TRAIL,Detached Two+ Story,4,2,1649,318900,193
Alabama,Bessemer,Rosser Farms,D.R. Horton,"1341 Horton Circle, Arlington, Texas, 76011, United States",817-390-8200,http://www.drhorton.com/,5680 POST OAK TRAIL,Detached Two+ Story,4,2,1649,308901,187
Alabama,Bessemer,Rosser Farms,D.R. Horton,"1341 Horton Circle, Arlington, Texas, 76011, United States",817-390-8200,http://www.drhorton.com/,Glendale,Detached Two+ Story,4,2,1649,316900,192
Alabama,Bessemer,Rosser Farms,D.R. Horton,"1341 Horton Circle, Arlington, Texas, 76011, United States",817-390-8200,http://www.drhorton.com/,5297 MEADOW RIDGE TRAIL,Detached Bungalow,4,2,1774,328900,185
Alabama,Bessemer,Rosser Farms,D.R. Horton,"1341 Horton Circle, Arlington, Texas, 76011, United States",817-390-8200,http://www.drhorton.com/,5676 POST OAK TRAIL,Detached Bungalow,4,2,1774,329900,186
Alabama,Bessemer,Rosser Farms,D.R. Horton,"1341 Horton Circle, Arlington, Texas, 76011, United States",817-390-8200,http://www.drhorton.com/,5700 POST OAK TRAIL,Detached Bungalow,4,2,1774,339100,191
Alabama,Bessemer,Rosser Farms,D.R. Horton,"1341 Horton Circle, Arlington, Texas, 76011, United States",817-390-8200,http://www.drhorton.com/,5679 POST OAK TRAIL,Detached Bungalow,4,2,1774,329400,186
Alabama,Bessemer,Rosser Farms,D.R. Horton,"1341 Horton Circle, Arlington, Texas, 76011, United States",817-390-8200,http://www.drhorton.com/,5697 POST OAK TRAIL,Detached Bungalow,4,2,1774,331900,187
Alabama,Bessemer,Rosser Farms,D.R. Horton,"1341 Horton Circle, Arlington, Texas, 76011, United States",817-390-8200,http://www.drhorton.com/,5294 MEADOW RIDGE TRAIL,Detached Bungalow,4,2,1774,326900,184
Alabama,Bessemer,Rosser Farms,D.R. Horton,"1341 Horton Circle, Arlington, Texas, 76011, United States",817-390-8200,http://www.drhorton.com/,Cali,Detached Bungalow,4,2,1774,326900,184
Alabama,Bessemer,Rosser Farms,D.R. Horton,"1341 Horton Circle, Arlington, Texas, 76011, United States",817-390-8200,http://www.drhorton.com/,5672 POST OAK TRAIL,Detached Two+ Story,4,2,1885,344900,183
Alabama,Bessemer,Rosser Farms,D.R. Horton,"1341 Horton Circle, Arlington, Texas, 76011, United States",817-390-8200,http://www.drhorton.com/,5692 POST OAK TRAIL,Detached Two+ Story,4,2,1885,343900,182
Alabama,Bessemer,Rosser Farms,D.R. Horton,"1341 Horton Circle, Arlington, Texas, 76011, United States",817-390-8200,http://www.drhorton.com/,5701 POST OAK TRAIL,Detached Two+ Story,4,2,1885,349400,185
Alabama,Bessemer,Rosser Farms,D.R. Horton,"1341 Horton Circle, Arlington, Texas, 76011, United States",817-390-8200,http://www.drhorton.com/,Arden,Detached Two+ Story,4,2,1885,341900,181
Alabama,Big Cove,Quail Hollow,Express HomesD.R. Horton,"10700 Pecan Park Boulevard, 400, Austin, Texas, 78750, United States",512-345-4663,http://expresshomes.com/,Aldridge,Detached Bungalow,3,2,1272,null,0
Alabama,Big Cove,Quail Hollow,Express HomesD.R. Horton,"10700 Pecan Park Boulevard, 400, Austin, Texas, 78750, United States",512-345-4663,http://expresshomes.com/,Freeport,Detached Bungalow,3,2,1497,null,0
Alabama,Big Cove,Quail Hollow,Express HomesD.R. Horton,"10700 Pecan Park Boulevard, 400, Austin, Texas, 78750, United States",512-345-4663,http://expresshomes.com/,Kerry,Detached Bungalow,3,2,1537,null,0
Alabama,Big Cove,Quail Hollow,Express HomesD.R. Horton,"10700 Pecan Park Boulevard, 400, Austin, Texas, 78750, United States",512-345-4663,http://expresshomes.com/,Aria,Detached Bungalow,3,2,1683,null,0
Alabama,Big Cove,Quail Hollow,Express HomesD.R. Horton,"10700 Pecan Park Boulevard, 400, Austin, Texas, 78750, United States",512-345-4663,http://expresshomes.com/,Cali,Detached Bungalow,4,2,1884,null,0
Alabama,Big Cove,Quail Hollow,Express HomesD.R. Horton,"10700 Pecan Park Boulevard, 400, Austin, Texas, 78750, United States",512-345-4663,http://expresshomes.com/,Madison,Detached Bungalow,4,3,2019,null,0
Alabama,Calera,Timberline,D.R. Horton,"1341 Horton Circle, Arlington, Texas, 76011, United States",817-390-8200,http://www.drhorton.com/,2018 Timberline Drive,Detached Two+ Story,3,2,2175,438010,201
Alabama,Calera,Timberline,D.R. Horton,"1341 Horton Circle, Arlington, Texas, 76011, United States",817-390-8200,http://www.drhorton.com/,2014 Timberline Drive,Detached Two+ Story,4,3,2475,448010,181
Alabama,Calera,Timberline,D.R. Horton,"1341 Horton Circle, Arlington, Texas, 76011, United States",817-390-8200,http://www.drhorton.com/,Norwood,Detached Two+ Story,4,3,2475,465000,188
Alabama,Chelsea,Chelsea Acres Express,D.R. Horton,"1341 Horton Circle, Arlington, Texas, 76011, United States",817-390-8200,http://www.drhorton.com/,720 FISH CAMP ROAD,Detached Bungalow,3,2,1272,279900,220
Alabama,Chelsea,Chelsea Acres Express,D.R. Horton,"1341 Horton Circle, Arlington, Texas, 76011, United States",817-390-8200,http://www.drhorton.com/,733 FISH CAMP ROAD,Detached Bungalow,3,2,1272,281900,222
Alabama,Chelsea,Chelsea Acres Express,D.R. Horton,"1341 Horton Circle, Arlington, Texas, 76011, United States",817-390-8200,http://www.drhorton.com/,Aldridge,Detached Bungalow,3,2,1272,279900,220
Alabama,Chelsea,Chelsea Acres Express,D.R. Horton,"1341 Horton Circle, Arlington, Texas, 76011, United States",817-390-8200,http://www.drhorton.com/,716 FISH CAMP ROAD,Detached Bungalow,4,2,1497,294900,197
Alabama,Chelsea,Chelsea Acres Express,D.R. Horton,"1341 Horton Circle, Arlington, Texas, 76011, United States",817-390-8200,http://www.drhorton.com/,725 FISH CAMP ROAD,Detached Bungalow,4,2,1497,296900,198
Alabama,Chelsea,Chelsea Acres Express,D.R. Horton,"1341 Horton Circle, Arlington, Texas, 76011, United States",817-390-8200,http://www.drhorton.com/,Freeport,Detached Bungalow,4,2,1497,294900,197
Alabama,Chelsea,Chelsea Acres Express,D.R. Horton,"1341 Horton Circle, Arlington, Texas, 76011, United States",817-390-8200,http://www.drhorton.com/,Glendale,Detached Two+ Story,4,2,1649,309900,188
Alabama,Chelsea,Chelsea Acres Express,D.R. Horton,"1341 Horton Circle, Arlington, Texas, 76011, United States",817-390-8200,http://www.drhorton.com/,728 FISH CAMP ROAD,Detached Bungalow,4,2,1774,319900,180
Alabama,Chelsea,Chelsea Acres Express,D.R. Horton,"1341 Horton Circle, Arlington, Texas, 76011, United States",817-390-8200,http://www.drhorton.com/,717 FISH CAMP ROAD,Detached Bungalow,4,2,1774,321900,181
Alabama,Chelsea,Chelsea Acres Express,D.R. Horton,"1341 Horton Circle, Arlington, Texas, 76011, United States",817-390-8200,http://www.drhorton.com/,740 FISH CAMP ROAD,Detached Bungalow,4,2,1774,319900,180
Alabama,Chelsea,Chelsea Acres Express,D.R. Horton,"1341 Horton Circle, Arlington, Texas, 76011, United States",817-390-8200,http://www.drhorton.com/,729 FISH CAMP ROAD,Detached Bungalow,4,2,1774,324900,183
Alabama,Chelsea,Chelsea Acres Express,D.R. Horton,"1341 Horton Circle, Arlington, Texas, 76011, United States",817-390-8200,http://www.drhorton.com/,732 FISH CAMP ROAD,Detached Bungalow,4,2,1774,319900,180
Alabama,Chelsea,Chelsea Acres Express,D.R. Horton,"1341 Horton Circle, Arlington, Texas, 76011, United States",817-390-8200,http://www.drhorton.com/,721 FISH CAMP ROAD,Detached Bungalow,4,2,1774,321900,181
Alabama,Chelsea,Chelsea Acres Express,D.R. Horton,"1341 Horton Circle, Arlington, Texas, 76011, United States",817-390-8200,http://www.drhorton.com/,Cali,Detached Bungalow,4,2,1774,319900,180
Alabama,Chelsea,Chelsea Acres Express,D.R. Horton,"1341 Horton Circle, Arlington, Texas, 76011, United States",817-390-8200,http://www.drhorton.com/,146 HALIFAX LANE,Detached Bungalow,4,2,2025,369900,183
Alabama,Chelsea,Chelsea Acres Express,D.R. Horton,"1341 Horton Circle, Arlington, Texas, 76011, United States",817-390-8200,http://www.drhorton.com/,145 HALIFAX LANE,Detached Bungalow,4,3,2273,374900,165
Alabama,Chelsea,Chelsea Acres Express,D.R. Horton,"1341 Horton Circle, Arlington, Texas, 76011, United States",817-390-8200,http://www.drhorton.com/,150 HALIFAX LANE,Detached Bungalow,4,3,2273,384900,169
Alabama,Chelsea,Chelsea Acres Express,D.R. Horton,"1341 Horton Circle, Arlington, Texas, 76011, United States",817-390-8200,http://www.drhorton.com/,142 HALIFAX LANE,Detached Bungalow,4,3,2273,384900,169
Alabama,Chelsea,Chelsea Acres Express,D.R. Horton,"1341 Horton Circle, Arlington, Texas, 76011, United States",817-390-8200,http://www.drhorton.com/,Destin,Detached Bungalow,4,3,2273,374900,165
Alabama,Chelsea,Chelsea Acres Express,D.R. Horton,"1341 Horton Circle, Arlington, Texas, 76011, United States",817-390-8200,http://www.drhorton.com/,141 HALIFAX LANE,Detached Two+ Story,5,3,2511,379900,151
Alabama,Chelsea,Chelsea Acres Express,D.R. Horton,"1341 Horton Circle, Arlington, Texas, 76011, United States",817-390-8200,http://www.drhorton.com/,Carol,Detached Two+ Story,5,3,2511,379900,151
Alabama,Chelsea,Chelsea Park,D.R. Horton,"1341 Horton Circle, Arlington, Texas, 76011, United States",817-390-8200,http://www.drhorton.com/,245 CHELSEA PARK CIRCLE,Detached Two+ Story,3,2,1749,324900,186
Alabama,Chelsea,Chelsea Park,D.R. Horton,"1341 Horton Circle, Arlington, Texas, 76011, United States",817-390-8200,http://www.drhorton.com/,269 CHELSEA PARK CIRCLE,Detached Two+ Story,3,2,1749,326900,187
Alabama,Chelsea,Chelsea Park,D.R. Horton,"1341 Horton Circle, Arlington, Texas, 76011, United States",817-390-8200,http://www.drhorton.com/,187 CHELSEA PARK ROAD,Detached Two+ Story,3,2,1749,306100,175
Alabama,Chelsea,Chelsea Park,D.R. Horton,"1341 Horton Circle, Arlington, Texas, 76011, United States",817-390-8200,http://www.drhorton.com/,261 CHELSEA PARK CIRCLE,Detached Two+ Story,3,2,1749,324900,186
Alabama,Chelsea,Chelsea Park,D.R. Horton,"1341 Horton Circle, Arlington, Texas, 76011, United States",817-390-8200,http://www.drhorton.com/,Darwin,Detached Two+ Story,3,2,1749,340900,195
Alabama,Chelsea,Chelsea Park,D.R. Horton,"1341 Horton Circle, Arlington, Texas, 76011, United States",817-390-8200,http://www.drhorton.com/,253 CHELSEA PARK CIRCLE,Detached Two+ Story,3,2,1764,324900,184
Alabama,Chelsea,Chelsea Park,D.R. Horton,"1341 Horton Circle, Arlington, Texas, 76011, United States",817-390-8200,http://www.drhorton.com/,252 CHELSEA PARK CIRCLE,Detached Two+ Story,3,2,1764,326900,185
Alabama,Chelsea,Chelsea Park,D.R. Horton,"1341 Horton Circle, Arlington, Texas, 76011, United States",817-390-8200,http://www.drhorton.com/,282 CHELSEA PARK ROAD,Detached Two+ Story,3,2,1764,304900,173
Alabama,Chelsea,Chelsea Park,D.R. Horton,"1341 Horton Circle, Arlington, Texas, 76011, United States",817-390-8200,http://www.drhorton.com/,260 CHELSEA PARK CIRCLE,Detached Two+ Story,3,2,1764,326900,185
Alabama,Chelsea,Chelsea Park,D.R. Horton,"1341 Horton Circle, Arlington, Texas, 76011, United States",817-390-8200,http://www.drhorton.com/,Freeport,Detached Bungalow,4,2,1497,314900,210
Alabama,Chelsea,Chelsea Park,D.R. Horton,"1341 Horton Circle, Arlington, Texas, 76011, United States",817-390-8200,http://www.drhorton.com/,293 PARK CREST RUN,Detached Bungalow,4,2,1774,329900,186
Alabama,Chelsea,Chelsea Park,D.R. Horton,"1341 Horton Circle, Arlington, Texas, 76011, United States",817-390-8200,http://www.drhorton.com/,309 PARK CREST RUN,Detached Bungalow,4,2,1774,334900,189
Alabama,Chelsea,Chelsea Park,D.R. Horton,"1341 Horton Circle, Arlington, Texas, 76011, United States",817-390-8200,http://www.drhorton.com/,286 PARK CREST RUN,Detached Bungalow,4,2,1774,341900,193
Alabama,Chelsea,Chelsea Park,D.R. Horton,"1341 Horton Circle, Arlington, Texas, 76011, United States",817-390-8200,http://www.drhorton.com/,252 PARK CREST RUN,Detached Bungalow,4,2,1774,362100,204
Alabama,Chelsea,Chelsea Park,D.R. Horton,"1341 Horton Circle, Arlington, Texas, 76011, United States",817-390-8200,http://www.drhorton.com/,301 PARK CREST RUN,Detached Bungalow,4,2,1774,332900,188
Alabama,Chelsea,Chelsea Park,D.R. Horton,"1341 Horton Circle, Arlington, Texas, 76011, United States",817-390-8200,http://www.drhorton.com/,284 PARK CREST RUN,Detached Bungalow,4,2,1774,329900,186
Alabama,Chelsea,Chelsea Park,D.R. Horton,"1341 Horton Circle, Arlington, Texas, 76011, United States",817-390-8200,http://www.drhorton.com/,306 PARK CREST RUN,Detached Bungalow,4,2,1774,334900,189
Alabama,Chelsea,Chelsea Park,D.R. Horton,"1341 Horton Circle, Arlington, Texas, 76011, United States",817-390-8200,http://www.drhorton.com/,257 CHELSEA PARK CIRCLE,Detached Two+ Story,4,2,2174,341900,157
Alabama,Chelsea,Chelsea Park,D.R. Horton,"1341 Horton Circle, Arlington, Texas, 76011, United States",817-390-8200,http://www.drhorton.com/,241 CHELSEA PARK CIRCLE,Detached Two+ Story,4,2,2174,339900,156
Alabama,Chelsea,Chelsea Park,D.R. Horton,"1341 Horton Circle, Arlington, Texas, 76011, United States",817-390-8200,http://www.drhorton.com/,215 CHELSEA PARK ROAD,Detached Two+ Story,4,2,2174,329900,152
Alabama,Chelsea,Chelsea Park,D.R. Horton,"1341 Horton Circle, Arlington, Texas, 76011, United States",817-390-8200,http://www.drhorton.com/,265 CHELSEA PARK CIRCLE,Detached Two+ Story,4,2,2174,341900,157
Alabama,Chelsea,Chelsea Park,D.R. Horton,"1341 Horton Circle, Arlington, Texas, 76011, United States",817-390-8200,http://www.drhorton.com/,256 CHELSEA PARK CIRCLE,Detached Two+ Story,4,2,2174,341900,157
Alabama,Chelsea,Chelsea Park,D.R. Horton,"1341 Horton Circle, Arlington, Texas, 76011, United States",817-390-8200,http://www.drhorton.com/,249 CHELSEA PARK CIRCLE,Detached Two+ Story,4,2,2174,341900,157
Alabama,Chelsea,Chelsea Park,D.R. Horton,"1341 Horton Circle, Arlington, Texas, 76011, United States",817-390-8200,http://www.drhorton.com/,248 CHELSEA PARK CIRCLE,Detached Two+ Story,4,2,2174,339900,156
Alabama,Chelsea,Chelsea Park,D.R. Horton,"1341 Horton Circle, Arlington, Texas, 76011, United States",817-390-8200,http://www.drhorton.com/,240 CHELSEA PARK CIRCLE,Detached Two+ Story,4,2,2174,339900,156
Alabama,Chelsea,Chelsea Park,D.R. Horton,"1341 Horton Circle, Arlington, Texas, 76011, United States",817-390-8200,http://www.drhorton.com/,264 CHELSEA PARK CIRCLE,Detached Two+ Story,4,2,2174,329900,152
Alabama,Chelsea,Chelsea Park,D.R. Horton,"1341 Horton Circle, Arlington, Texas, 76011, United States",817-390-8200,http://www.drhorton.com/,200 PARK CREST RUN,Detached Two+ Story,4,2,2806,399900,143
Alabama,Chelsea,Chelsea Park,D.R. Horton,"1341 Horton Circle, Arlington, Texas, 76011, United States",817-390-8200,http://www.drhorton.com/,236 PARK CREST RUN,Detached Two+ Story,4,2,2806,411900,147
Alabama,Chelsea,Chelsea Park,D.R. Horton,"1341 Horton Circle, Arlington, Texas, 76011, United States",817-390-8200,http://www.drhorton.com/,265 PARK CREST RUN,Detached Two+ Story,4,2,2806,372900,133
Alabama,Chelsea,Chelsea Park,D.R. Horton,"1341 Horton Circle, Arlington, Texas, 76011, United States",817-390-8200,http://www.drhorton.com/,512 PARK CREST COVE,Detached Two+ Story,4,2,2806,372900,133
Alabama,Chelsea,Chelsea Park,D.R. Horton,"1341 Horton Circle, Arlington, Texas, 76011, United States",817-390-8200,http://www.drhorton.com/,249 PARK CREST RUN,Detached Two+ Story,4,2,2830,371483.344,131
Alabama,Chelsea,Chelsea Park,D.R. Horton,"1341 Horton Circle, Arlington, Texas, 76011, United States",817-390-8200,http://www.drhorton.com/,256 PARK CREST RUN,Detached Two+ Story,4,2,2830,417900,148
Alabama,Chelsea,Chelsea Park,D.R. Horton,"1341 Horton Circle, Arlington, Texas, 76011, United States",817-390-8200,http://www.drhorton.com/,228 PARK CREST RUN,Detached Two+ Story,4,2,2830,423150,150
Alabama,Chelsea,Chelsea Park,D.R. Horton,"1341 Horton Circle, Arlington, Texas, 76011, United States",817-390-8200,http://www.drhorton.com/,521 PARK CREST COVE,Detached Two+ Story,4,2,2830,374250,132
Alabama,Chelsea,Chelsea Park,D.R. Horton,"1341 Horton Circle, Arlington, Texas, 76011, United States",817-390-8200,http://www.drhorton.com/,280 PARK CREST RUN,Detached Two+ Story,4,2,2830,374900,132
Alabama,Chelsea,Chelsea Park,D.R. Horton,"1341 Horton Circle, Arlington, Texas, 76011, United States",817-390-8200,http://www.drhorton.com/,199 CHELSEA PARK ROAD,Detached Two+ Story,5,3,2381,339900,143
Alabama,Chelsea,Chelsea Park,D.R. Horton,"1341 Horton Circle, Arlington, Texas, 76011, United States",817-390-8200,http://www.drhorton.com/,520 PARK CREST COVE,Detached Two+ Story,5,3,2511,353200,141
Alabama,Chelsea,Chelsea Park,D.R. Horton,"1341 Horton Circle, Arlington, Texas, 76011, United States",817-390-8200,http://www.drhorton.com/,244 PARK CREST RUN,Detached Two+ Story,5,3,2511,392100,156
Alabama,Chelsea,Chelsea Park,D.R. Horton,"1341 Horton Circle, Arlington, Texas, 76011, United States",817-390-8200,http://www.drhorton.com/,273 PARK CREST RUN,Detached Two+ Story,5,3,2511,354900,141
Alabama,Chelsea,Chelsea Park,D.R. Horton,"1341 Horton Circle, Arlington, Texas, 76011, United States",817-390-8200,http://www.drhorton.com/,297 PARK CREST RUN,Detached Two+ Story,5,3,2511,356900,142
Alabama,Chelsea,Chelsea Park,D.R. Horton,"1341 Horton Circle, Arlington, Texas, 76011, United States",817-390-8200,http://www.drhorton.com/,289 PARK CREST RUN,Detached Two+ Story,5,3,2511,356900,142
Alabama,Chelsea,Chelsea Park,D.R. Horton,"1341 Horton Circle, Arlington, Texas, 76011, United States",817-390-8200,http://www.drhorton.com/,292 PARK CREST RUN,Detached Two+ Story,5,3,2511,357900,143
Alabama,Chelsea,Chelsea Park,D.R. Horton,"1341 Horton Circle, Arlington, Texas, 76011, United States",817-390-8200,http://www.drhorton.com/,305 PARK CREST RUN,Detached Two+ Story,5,3,2511,352900,141
Alabama,Chelsea,Chelsea Park,D.R. Horton,"1341 Horton Circle, Arlington, Texas, 76011, United States",817-390-8200,http://www.drhorton.com/,237 PARK CREST RUN,Detached Two+ Story,5,2,2618,344900,132
Alabama,Chelsea,Chelsea Park,D.R. Horton,"1341 Horton Circle, Arlington, Texas, 76011, United States",817-390-8200,http://www.drhorton.com/,529 PARK CREST COVE,Detached Two+ Story,5,2,2618,363900,139
Alabama,Chelsea,Chelsea Park,D.R. Horton,"1341 Horton Circle, Arlington, Texas, 76011, United States",817-390-8200,http://www.drhorton.com/,220 PARK CREST RUN,Detached Two+ Story,5,2,2618,400250,153
Alabama,Chelsea,Chelsea Park,D.R. Horton,"1341 Horton Circle, Arlington, Texas, 76011, United States",817-390-8200,http://www.drhorton.com/,504 PARK CREST COVE,Detached Two+ Story,5,2,2618,359900,137
Alabama,Chelsea,Chelsea Park,D.R. Horton,"1341 Horton Circle, Arlington, Texas, 76011, United States",817-390-8200,http://www.drhorton.com/,277 PARK CREST RUN,Detached Two+ Story,5,2,2618,364900,139
Alabama,Chelsea,Chelsea Park,D.R. Horton,"1341 Horton Circle, Arlington, Texas, 76011, United States",817-390-8200,http://www.drhorton.com/,221 PARK CREST RUN,Detached Two+ Story,5,2,2632,376150,143
Alabama,Chelsea,Chelsea Park,D.R. Horton,"1341 Horton Circle, Arlington, Texas, 76011, United States",817-390-8200,http://www.drhorton.com/,248 PARK CREST RUN,Detached Two+ Story,5,2,2632,372300,141
Alabama,Chelsea,Chelsea Park,D.R. Horton,"1341 Horton Circle, Arlington, Texas, 76011, United States",817-390-8200,http://www.drhorton.com/,513 PARK CREST COVE,Detached Two+ Story,5,2,2632,363900,138
Alabama,Chelsea,Chelsea Park,D.R. Horton,"1341 Horton Circle, Arlington, Texas, 76011, United States",817-390-8200,http://www.drhorton.com/,532 PARK CREST COVE,Detached Two+ Story,5,2,2632,375100,143
Alabama,Chelsea,Chelsea Park,D.R. Horton,"1341 Horton Circle, Arlington, Texas, 76011, United States",817-390-8200,http://www.drhorton.com/,205 PARK CREST RUN,Detached Two+ Story,5,2,2632,332317,126
Alabama,Cullman,North Ridge,Davidson Homes,"336 James Record Road Southwest, Huntsville, Alabama, 35824, United States",877-999-2009,http://davidsonhomesllc.com/,The Montgomery,Detached Bungalow,3,2,1895,299900,158
Alabama,Cullman,North Ridge,Davidson Homes,"336 James Record Road Southwest, Huntsville, Alabama, 35824, United States",877-999-2009,http://davidsonhomesllc.com/,The Kirkland,Detached Bungalow,3,2,2065,324900,157
Alabama,Cullman,North Ridge,Davidson Homes,"336 James Record Road Southwest, Huntsville, Alabama, 35824, United States",877-999-2009,http://davidsonhomesllc.com/,The Rockford,Detached Bungalow,3,2,2270,329900,145
Alabama,Cullman,North Ridge,Davidson Homes,"336 James Record Road Southwest, Huntsville, Alabama, 35824, United States",877-999-2009,http://davidsonhomesllc.com/,2104 Brandon Dr,Detached Two+ Story,3,2,2270,358739,158
Alabama,Cullman,North Ridge,Davidson Homes,"336 James Record Road Southwest, Huntsville, Alabama, 35824, United States",877-999-2009,http://davidsonhomesllc.com/,The Lanier,Detached Bungalow,4,3,2395,349900,146
Alabama,Cullman,North Ridge,Davidson Homes,"336 James Record Road Southwest, Huntsville, Alabama, 35824, United States",877-999-2009,http://davidsonhomesllc.com/,The Harrison,Detached Bungalow,4,3,2661,359900,135
Alabama,Cullman,North Ridge,Davidson Homes,"336 James Record Road Southwest, Huntsville, Alabama, 35824, United States",877-999-2009,http://davidsonhomesllc.com/,The Emory,Detached Two+ Story,4,3,3593,414900,115
Alabama,Cullman,North Ridge,Davidson Homes,"336 James Record Road Southwest, Huntsville, Alabama, 35824, United States",877-999-2009,http://davidsonhomesllc.com/,The Madison A,Detached Two+ Story,5,4,3199,399900,125
Alabama,Cullman,The Reserve at North Ridge,Davidson Homes,"336 James Record Road Southwest, Huntsville, Alabama, 35824, United States",877-999-2009,http://davidsonhomesllc.com/,2158 McAfee Rd,Detached Two+ Story,3,2,1470,268392,183
Alabama,Cullman,The Reserve at North Ridge,Davidson Homes,"336 James Record Road Southwest, Huntsville, Alabama, 35824, United States",877-999-2009,http://davidsonhomesllc.com/,The Asheville C,Detached Bungalow,3,2,1470,254900,173
Alabama,Cullman,The Reserve at North Ridge,Davidson Homes,"336 James Record Road Southwest, Huntsville, Alabama, 35824, United States",877-999-2009,http://davidsonhomesllc.com/,2156 McAfee Rd,Detached Two+ Story,3,2,1620,276900,171
Alabama,Cullman,The Reserve at North Ridge,Davidson Homes,"336 James Record Road Southwest, Huntsville, Alabama, 35824, United States",877-999-2009,http://davidsonhomesllc.com/,The Franklin C,Detached Bungalow,3,2,1620,264900,164
Alabama,Cullman,The Reserve at North Ridge,Davidson Homes,"336 James Record Road Southwest, Huntsville, Alabama, 35824, United States",877-999-2009,http://davidsonhomesllc.com/,The Shelby A,Detached Two+ Story,3,2,2452,329900,135
Alabama,Cullman,The Reserve at North Ridge,Davidson Homes,"336 James Record Road Southwest, Huntsville, Alabama, 35824, United States",877-999-2009,http://davidsonhomesllc.com/,2162 McAfee Rd,Detached Two+ Story,4,3,1964,284900,145
Alabama,Cullman,The Reserve at North Ridge,Davidson Homes,"336 James Record Road Southwest, Huntsville, Alabama, 35824, United States",877-999-2009,http://davidsonhomesllc.com/,The Daphne C,Detached Bungalow,4,2,1964,279900,143
Alabama,Cullman,The Reserve at North Ridge,Davidson Homes,"336 James Record Road Southwest, Huntsville, Alabama, 35824, United States",877-999-2009,http://davidsonhomesllc.com/,2157 McAfee Rd,Detached Two+ Story,4,3,2058,322303,157
Alabama,Cullman,The Reserve at North Ridge,Davidson Homes,"336 James Record Road Southwest, Huntsville, Alabama, 35824, United States",877-999-2009,http://davidsonhomesllc.com/,2151 McAfee Rd,Detached Two+ Story,4,3,2058,325459,158
Alabama,Cullman,The Reserve at North Ridge,Davidson Homes,"336 James Record Road Southwest, Huntsville, Alabama, 35824, United States",877-999-2009,http://davidsonhomesllc.com/,2153 McAfee Rd,Detached Two+ Story,4,3,2058,321583,156
Alabama,Cullman,The Reserve at North Ridge,Davidson Homes,"336 James Record Road Southwest, Huntsville, Alabama, 35824, United States",877-999-2009,http://davidsonhomesllc.com/,2155 McAfee Rd,Detached Two+ Story,4,3,2058,329900,160
Alabama,Cullman,The Reserve at North Ridge,Davidson Homes,"336 James Record Road Southwest, Huntsville, Alabama, 35824, United States",877-999-2009,http://davidsonhomesllc.com/,The Everett,Detached Bungalow,4,3,2058,299900,146
Alabama,Cullman,The Reserve at North Ridge,Davidson Homes,"336 James Record Road Southwest, Huntsville, Alabama, 35824, United States",877-999-2009,http://davidsonhomesllc.com/,The Charleston D,Detached Two+ Story,4,2,2505,334900,134
Alabama,Cullman,The Reserve at North Ridge,Davidson Homes,"336 James Record Road Southwest, Huntsville, Alabama, 35824, United States",877-999-2009,http://davidsonhomesllc.com/,2144 McAfee Rd,Detached Two+ Story,4,2,2572,357432,139
Alabama,Cullman,The Reserve at North Ridge,Davidson Homes,"336 James Record Road Southwest, Huntsville, Alabama, 35824, United States",877-999-2009,http://davidsonhomesllc.com/,The Chelsea A,Detached Two+ Story,4,3,2769,354900,128
Alabama,Cullman,The Reserve at North Ridge,Davidson Homes,"336 James Record Road Southwest, Huntsville, Alabama, 35824, United States",877-999-2009,http://davidsonhomesllc.com/,The Richmond D,Detached Two+ Story,5,3,3537,374900,106
Alabama,Cullman,The Reserve at North Ridge,Davidson Homes,"336 James Record Road Southwest, Huntsville, Alabama, 35824, United States",877-999-2009,http://davidsonhomesllc.com/,2160 McAfee Rd,Detached Two+ Story,5,3,3596,369900,103
Alabama,Cullman County,High Point,D.R. Horton,"1341 Horton Circle, Arlington, Texas, 76011, United States",817-390-8200,http://www.drhorton.com/,Plan 1475 - KERRY,Detached Bungalow,3,2,1537,266490,173
Alabama,Cullman County,High Point,D.R. Horton,"1341 Horton Circle, Arlington, Texas, 76011, United States",817-390-8200,http://www.drhorton.com/,233 Ashland Drive SW,Detached Bungalow,3,2,1683,267900,159
Alabama,Cullman County,High Point,D.R. Horton,"1341 Horton Circle, Arlington, Texas, 76011, United States",817-390-8200,http://www.drhorton.com/,Plan 1618 - ARIA,Detached Bungalow,3,2,1683,278490,165
Alabama,Cullman County,High Point,D.R. Horton,"1341 Horton Circle, Arlington, Texas, 76011, United States",817-390-8200,http://www.drhorton.com/,238 Ashland Drive SW,Detached Bungalow,4,2,1884,260900,138
Alabama,Cullman County,High Point,D.R. Horton,"1341 Horton Circle, Arlington, Texas, 76011, United States",817-390-8200,http://www.drhorton.com/,228 Ashland Drive SW,Detached Bungalow,4,2,1884,260900,138
Alabama,Cullman County,High Point,D.R. Horton,"1341 Horton Circle, Arlington, Texas, 76011, United States",817-390-8200,http://www.drhorton.com/,225 Ashland Drive SW,Detached Bungalow,4,2,1884,255900,136
Alabama,Cullman County,High Point,D.R. Horton,"1341 Horton Circle, Arlington, Texas, 76011, United States",817-390-8200,http://www.drhorton.com/,Plan 1774 - CALI,Detached Bungalow,4,2,1884,287490,153
Alabama,Cullman County,High Point,D.R. Horton,"1341 Horton Circle, Arlington, Texas, 76011, United States",817-390-8200,http://www.drhorton.com/,Plan 1941 - Madison,Detached Bungalow,4,3,2019,318490,158
Alabama,Cullman County,High Point,D.R. Horton,"1341 Horton Circle, Arlington, Texas, 76011, United States",817-390-8200,http://www.drhorton.com/,Plan 2108 Robinson,Detached Bungalow,4,3,2108,314490,149
Alabama,Daphne,Diamante,D.R. Horton,"1341 Horton Circle, Arlington, Texas, 76011, United States",817-390-8200,http://www.drhorton.com/,9427 AMETHYST DRIVE,Detached Bungalow,4,3,2304,364900,158
Alabama,Daphne,Diamante,D.R. Horton,"1341 Horton Circle, Arlington, Texas, 76011, United States",817-390-8200,http://www.drhorton.com/,9426 DIAMANTE BLVD,Detached Bungalow,4,3,2304,374130,162
Alabama,Daphne,Diamante,D.R. Horton,"1341 Horton Circle, Arlington, Texas, 76011, United States",817-390-8200,http://www.drhorton.com/,9088 DIAMANTE BLVD,Detached Bungalow,4,3,2785,401622,144
Alabama,Daphne,Diamante,D.R. Horton,"1341 Horton Circle, Arlington, Texas, 76011, United States",817-390-8200,http://www.drhorton.com/,The Camden,Detached Bungalow,4,3,2785,392900,141
Alabama,Daphne,Diamante,D.R. Horton,"1341 Horton Circle, Arlington, Texas, 76011, United States",817-390-8200,http://www.drhorton.com/,9396 DIAMANTE BLVD,Detached Bungalow,5,3,2409,389570,162
Alabama,Daphne,Diamante,D.R. Horton,"1341 Horton Circle, Arlington, Texas, 76011, United States",817-390-8200,http://www.drhorton.com/,9238 AMETHYST DRIVE,Detached Bungalow,5,3,2409,388470,161
Alabama,Daphne,Diamante,D.R. Horton,"1341 Horton Circle, Arlington, Texas, 76011, United States",817-390-8200,http://www.drhorton.com/,9283 AMETHYST DRIVE,Detached Bungalow,5,3,2409,385200,160
Alabama,Daphne,Diamante,D.R. Horton,"1341 Horton Circle, Arlington, Texas, 76011, United States",817-390-8200,http://www.drhorton.com/,The McKenzie,Detached Bungalow,5,3,3113,413900,133
Alabama,Daphne,Jubilee Farms,D.R. Horton,"1341 Horton Circle, Arlington, Texas, 76011, United States",817-390-8200,http://www.drhorton.com/,10975 NORTHERN DANCER COURT,Detached Bungalow,3,2,1641,287284,175
Alabama,Daphne,Jubilee Farms,D.R. Horton,"1341 Horton Circle, Arlington, Texas, 76011, United States",817-390-8200,http://www.drhorton.com/,23567 UNBRIDLED LOOP,Detached Bungalow,3,2,1641,286900,175
Alabama,Daphne,Jubilee Farms,D.R. Horton,"1341 Horton Circle, Arlington, Texas, 76011, United States",817-390-8200,http://www.drhorton.com/,23835 UNBRIDLED LOOP,Detached Bungalow,3,2,1641,287284,175
Alabama,Daphne,Jubilee Farms,D.R. Horton,"1341 Horton Circle, Arlington, Texas, 76011, United States",817-390-8200,http://www.drhorton.com/,23536 UNBRIDLED LOOP,Detached Bungalow,3,2,1641,287284,175
Alabama,Daphne,Jubilee Farms,D.R. Horton,"1341 Horton Circle, Arlington, Texas, 76011, United States",817-390-8200,http://www.drhorton.com/,23685 UNBRIDLED LOOP,Detached Bungalow,3,2,1641,286900,175
Alabama,Daphne,Jubilee Farms,D.R. Horton,"1341 Horton Circle, Arlington, Texas, 76011, United States",817-390-8200,http://www.drhorton.com/,The Aria,Detached Bungalow,3,2,1641,286900,175
Alabama,Daphne,Jubilee Farms,D.R. Horton,"1341 Horton Circle, Arlington, Texas, 76011, United States",817-390-8200,http://www.drhorton.com/,23779 UNBRIDLED LOOP,Detached Bungalow,4,2,1387,270124,195
Alabama,Daphne,Jubilee Farms,D.R. Horton,"1341 Horton Circle, Arlington, Texas, 76011, United States",817-390-8200,http://www.drhorton.com/,FREEPORT,Detached Bungalow,4,2,1387,272900,197
Alabama,Daphne,Jubilee Farms,D.R. Horton,"1341 Horton Circle, Arlington, Texas, 76011, United States",817-390-8200,http://www.drhorton.com/,11095 ALYSHEBA LANE,Detached Bungalow,4,2,1787,292364,164
Alabama,Daphne,Jubilee Farms,D.R. Horton,"1341 Horton Circle, Arlington, Texas, 76011, United States",817-390-8200,http://www.drhorton.com/,23807 UNBRIDLED LOOP,Detached Bungalow,4,2,1787,292364,164
Alabama,Daphne,Jubilee Farms,D.R. Horton,"1341 Horton Circle, Arlington, Texas, 76011, United States",817-390-8200,http://www.drhorton.com/,23760 UNBRIDLED LOOP,Detached Bungalow,4,2,1787,292364,164
Alabama,Daphne,Jubilee Farms,D.R. Horton,"1341 Horton Circle, Arlington, Texas, 76011, United States",817-390-8200,http://www.drhorton.com/,23817 UNBRIDLED LOOP,Detached Bungalow,4,2,1787,292364,164
Alabama,Daphne,Jubilee Farms,D.R. Horton,"1341 Horton Circle, Arlington, Texas, 76011, United States",817-390-8200,http://www.drhorton.com/,23599 UNBRIDLED LOOP,Detached Bungalow,4,2,1787,291900,163
Alabama,Daphne,Jubilee Farms,D.R. Horton,"1341 Horton Circle, Arlington, Texas, 76011, United States",817-390-8200,http://www.drhorton.com/,23843 UNBRIDLED LOOP,Detached Bungalow,4,2,1787,292364,164
Alabama,Daphne,Jubilee Farms,D.R. Horton,"1341 Horton Circle, Arlington, Texas, 76011, United States",817-390-8200,http://www.drhorton.com/,23612 UNBRIDLED LOOP,Detached Bungalow,4,2,1787,292364,164
Alabama,Daphne,Jubilee Farms,D.R. Horton,"1341 Horton Circle, Arlington, Texas, 76011, United States",817-390-8200,http://www.drhorton.com/,23615 UNBRIDLED LOOP,Detached Bungalow,4,2,1787,291900,163
Alabama,Daphne,Jubilee Farms,D.R. Horton,"1341 Horton Circle, Arlington, Texas, 76011, United States",817-390-8200,http://www.drhorton.com/,23641 UNBRIDLED LOOP,Detached Bungalow,4,2,1787,291900,163
Alabama,Daphne,Jubilee Farms,D.R. Horton,"1341 Horton Circle, Arlington, Texas, 76011, United States",817-390-8200,http://www.drhorton.com/,23584 UNBRIDLED LOOP,Detached Bungalow,4,2,1787,291900,163
Alabama,Daphne,Jubilee Farms,D.R. Horton,"1341 Horton Circle, Arlington, Texas, 76011, United States",817-390-8200,http://www.drhorton.com/,23825 UNBRIDLED LOOP,Detached Bungalow,4,2,1787,292364,164
Alabama,Daphne,Jubilee Farms,D.R. Horton,"1341 Horton Circle, Arlington, Texas, 76011, United States",817-390-8200,http://www.drhorton.com/,23664 UNBRIDLED LOOP,Detached Bungalow,4,2,1787,292364,164
Alabama,Daphne,Jubilee Farms,D.R. Horton,"1341 Horton Circle, Arlington, Texas, 76011, United States",817-390-8200,http://www.drhorton.com/,23528 UNBRIDLED LOOP,Detached Bungalow,4,2,1787,292364,164
Alabama,Daphne,Jubilee Farms,D.R. Horton,"1341 Horton Circle, Arlington, Texas, 76011, United States",817-390-8200,http://www.drhorton.com/,23711 UNBRIDLED LOOP,Detached Bungalow,4,2,1787,291900,163
Alabama,Daphne,Jubilee Farms,D.R. Horton,"1341 Horton Circle, Arlington, Texas, 76011, United States",817-390-8200,http://www.drhorton.com/,The Cali,Detached Bungalow,4,2,1787,291900,163
Alabama,Daphne,Jubilee Farms,D.R. Horton,"1341 Horton Circle, Arlington, Texas, 76011, United States",817-390-8200,http://www.drhorton.com/,23640 UNBRIDLED LOOP,Detached Bungalow,4,2,1791,292364,163
Alabama,Daphne,Jubilee Farms,D.R. Horton,"1341 Horton Circle, Arlington, Texas, 76011, United States",817-390-8200,http://www.drhorton.com/,23649 UNBRIDLED LOOP,Detached Bungalow,4,2,1791,291900,163
Alabama,Daphne,Jubilee Farms,D.R. Horton,"1341 Horton Circle, Arlington, Texas, 76011, United States",817-390-8200,http://www.drhorton.com/,11074 ALYSHEBA LANE,Detached Bungalow,4,2,1791,292364,163
Alabama,Daphne,Jubilee Farms,D.R. Horton,"1341 Horton Circle, Arlington, Texas, 76011, United States",817-390-8200,http://www.drhorton.com/,23596 UNBRIDLED LOOP,Detached Bungalow,4,2,1791,291900,163
Alabama,Daphne,Jubilee Farms,D.R. Horton,"1341 Horton Circle, Arlington, Texas, 76011, United States",817-390-8200,http://www.drhorton.com/,23627 UNBRIDLED LOOP,Detached Bungalow,4,2,1791,291900,163
Alabama,Daphne,Jubilee Farms,D.R. Horton,"1341 Horton Circle, Arlington, Texas, 76011, United States",817-390-8200,http://www.drhorton.com/,23620 UNBRIDLED LOOP,Detached Bungalow,4,2,1791,292364,163
Alabama,Daphne,Jubilee Farms,D.R. Horton,"1341 Horton Circle, Arlington, Texas, 76011, United States",817-390-8200,http://www.drhorton.com/,11075 ALYSHEBA LANE,Detached Bungalow,4,2,1791,292364,163
Alabama,Daphne,Jubilee Farms,D.R. Horton,"1341 Horton Circle, Arlington, Texas, 76011, United States",817-390-8200,http://www.drhorton.com/,23609 UNBRIDLED LOOP,Detached Bungalow,4,2,1791,291900,163
Alabama,Daphne,Jubilee Farms,D.R. Horton,"1341 Horton Circle, Arlington, Texas, 76011, United States",817-390-8200,http://www.drhorton.com/,23677 UNBRIDLED LOOP,Detached Bungalow,4,2,1791,291900,163
Alabama,Daphne,Jubilee Farms,D.R. Horton,"1341 Horton Circle, Arlington, Texas, 76011, United States",817-390-8200,http://www.drhorton.com/,23719 UNBRIDLED LOOP,Detached Bungalow,4,2,1791,291900,163
Alabama,Daphne,Jubilee Farms,D.R. Horton,"1341 Horton Circle, Arlington, Texas, 76011, United States",817-390-8200,http://www.drhorton.com/,11087 ALYSHEBA LANE,Detached Bungalow,4,2,1791,292364,163
Alabama,Daphne,Jubilee Farms,D.R. Horton,"1341 Horton Circle, Arlington, Texas, 76011, United States",817-390-8200,http://www.drhorton.com/,23544 UNBRIDLED LOOP,Detached Bungalow,4,2,1791,292364,163
Alabama,Daphne,Jubilee Farms,D.R. Horton,"1341 Horton Circle, Arlington, Texas, 76011, United States",817-390-8200,http://www.drhorton.com/,23661 UNBRIDLED LOOP,Detached Bungalow,4,2,1791,291900,163
Alabama,Daphne,Jubilee Farms,D.R. Horton,"1341 Horton Circle, Arlington, Texas, 76011, United States",817-390-8200,http://www.drhorton.com/,23572 UNBRIDLED LOOP,Detached Bungalow,4,2,1791,291900,163
Alabama,Daphne,Jubilee Farms,D.R. Horton,"1341 Horton Circle, Arlington, Texas, 76011, United States",817-390-8200,http://www.drhorton.com/,23579 UNBRIDLED LOOP,Detached Bungalow,4,2,1791,291900,163
Alabama,Daphne,Jubilee Farms,D.R. Horton,"1341 Horton Circle, Arlington, Texas, 76011, United States",817-390-8200,http://www.drhorton.com/,10842 WINNING COLORS TRAIL,Detached Bungalow,4,2,1948,329375,169
Alabama,Daphne,Jubilee Farms,D.R. Horton,"1341 Horton Circle, Arlington, Texas, 76011, United States",817-390-8200,http://www.drhorton.com/,10696 WINNING COLORS TRAIL,Detached Bungalow,4,2,1948,330140,169
Alabama,Daphne,Jubilee Farms,D.R. Horton,"1341 Horton Circle, Arlington, Texas, 76011, United States",817-390-8200,http://www.drhorton.com/,The Isabella,Detached Bungalow,4,2,1948,369900,190
Alabama,Daphne,Jubilee Farms,D.R. Horton,"1341 Horton Circle, Arlington, Texas, 76011, United States",817-390-8200,http://www.drhorton.com/,10670 WINNING COLORS TRAIL,Detached Bungalow,4,2,2018,337306,167
Alabama,Daphne,Jubilee Farms,D.R. Horton,"1341 Horton Circle, Arlington, Texas, 76011, United States",817-390-8200,http://www.drhorton.com/,The Delray,Detached Bungalow,4,2,2018,379900,188
Alabama,Daphne,Jubilee Farms,D.R. Horton,"1341 Horton Circle, Arlington, Texas, 76011, United States",817-390-8200,http://www.drhorton.com/,23736 UNBRIDLED LOOP,Detached Bungalow,4,2,2031,302476,149
Alabama,Daphne,Jubilee Farms,D.R. Horton,"1341 Horton Circle, Arlington, Texas, 76011, United States",817-390-8200,http://www.drhorton.com/,23591 UNBRIDLED LOOP,Detached Bungalow,4,2,2031,299476,147
Alabama,Daphne,Jubilee Farms,D.R. Horton,"1341 Horton Circle, Arlington, Texas, 76011, United States",817-390-8200,http://www.drhorton.com/,23703 UNBRIDLED LOOP,Detached Bungalow,4,2,2031,299476,147
Alabama,Daphne,Jubilee Farms,D.R. Horton,"1341 Horton Circle, Arlington, Texas, 76011, United States",817-390-8200,http://www.drhorton.com/,23604 UNBRIDLED LOOP,Detached Bungalow,4,2,2031,302476,149
Alabama,Daphne,Jubilee Farms,D.R. Horton,"1341 Horton Circle, Arlington, Texas, 76011, United States",817-390-8200,http://www.drhorton.com/,23669 UNBRIDLED LOOP,Detached Bungalow,4,2,2031,298900,147
Alabama,Daphne,Jubilee Farms,D.R. Horton,"1341 Horton Circle, Arlington, Texas, 76011, United States",817-390-8200,http://www.drhorton.com/,The Ryder,Detached Bungalow,4,2,2031,286900,141
Alabama,Daphne,Jubilee Farms,D.R. Horton,"1341 Horton Circle, Arlington, Texas, 76011, United States",817-390-8200,http://www.drhorton.com/,The Jasmine,Detached Bungalow,4,2,2091,369900,177
Alabama,Daphne,Jubilee Farms,D.R. Horton,"1341 Horton Circle, Arlington, Texas, 76011, United States",817-390-8200,http://www.drhorton.com/,The Destin,Detached Bungalow,4,3,2304,379900,165
Alabama,Daphne,Jubilee Farms,D.R. Horton,"1341 Horton Circle, Arlington, Texas, 76011, United States",817-390-8200,http://www.drhorton.com/,10710 WINNING COLORS TRAIL,Detached Bungalow,4,2,2306,362920,157
Alabama,Daphne,Jubilee Farms,D.R. Horton,"1341 Horton Circle, Arlington, Texas, 76011, United States",817-390-8200,http://www.drhorton.com/,10779 WINNING COLORS TRAIL,Detached Bungalow,4,2,2306,368945,160
Alabama,Daphne,Jubilee Farms,D.R. Horton,"1341 Horton Circle, Arlington, Texas, 76011, United States",817-390-8200,http://www.drhorton.com/,The Victoria,Detached Bungalow,4,2,2306,365900,159
Alabama,Daphne,Jubilee Farms,D.R. Horton,"1341 Horton Circle, Arlington, Texas, 76011, United States",817-390-8200,http://www.drhorton.com/,11081 SECRETARIAT BOULEVARD,Detached Bungalow,4,3,2486,392276,158
Alabama,Daphne,Jubilee Farms,D.R. Horton,"1341 Horton Circle, Arlington, Texas, 76011, United States",817-390-8200,http://www.drhorton.com/,11055 SECRETARIAT BOULEVARD,Detached Bungalow,4,3,2486,393276,158
Alabama,Daphne,Jubilee Farms,D.R. Horton,"1341 Horton Circle, Arlington, Texas, 76011, United States",817-390-8200,http://www.drhorton.com/,The Hawthorne,Detached Bungalow,4,3,2486,383900,154
Alabama,Daphne,Jubilee Farms,D.R. Horton,"1341 Horton Circle, Arlington, Texas, 76011, United States",817-390-8200,http://www.drhorton.com/,11099 SECRETARIAT BOULEVARD,Detached Bungalow,4,3,2495,397175,159
Alabama,Daphne,Jubilee Farms,D.R. Horton,"1341 Horton Circle, Arlington, Texas, 76011, United States",817-390-8200,http://www.drhorton.com/,11019 SECRETARIAT BOULEVARD,Detached Bungalow,4,3,2495,398475,160
Alabama,Daphne,Jubilee Farms,D.R. Horton,"1341 Horton Circle, Arlington, Texas, 76011, United States",817-390-8200,http://www.drhorton.com/,AVERY,Detached Bungalow,4,3,2495,393900,158
Alabama,Daphne,Jubilee Farms,D.R. Horton,"1341 Horton Circle, Arlington, Texas, 76011, United States",817-390-8200,http://www.drhorton.com/,The Camden,Detached Bungalow,4,3,2785,393900,141
Alabama,Daphne,Jubilee Farms,D.R. Horton,"1341 Horton Circle, Arlington, Texas, 76011, United States",817-390-8200,http://www.drhorton.com/,11044 NATIVE DANCER WAY,Detached Bungalow,5,3,2409,376500,156
Alabama,Daphne,Jubilee Farms,D.R. Horton,"1341 Horton Circle, Arlington, Texas, 76011, United States",817-390-8200,http://www.drhorton.com/,The Kaden,Detached Bungalow,5,3,2409,373900,155
Alabama,Daphne,Jubilee Farms,D.R. Horton,"1341 Horton Circle, Arlington, Texas, 76011, United States",817-390-8200,http://www.drhorton.com/,The McKenzie,Detached Bungalow,5,3,3113,404900,130
Alabama,Daphne,St. Augustine,D.R. Horton,"1341 Horton Circle, Arlington, Texas, 76011, United States",817-390-8200,http://www.drhorton.com/,The Destin,Detached Bungalow,4,3,2304,377900,164
Alabama,Daphne,St. Augustine,D.R. Horton,"1341 Horton Circle, Arlington, Texas, 76011, United States",817-390-8200,http://www.drhorton.com/,10905 CENTIPEDE DRIVE,Detached Bungalow,4,3,2304,378250,164
Alabama,Daphne,St. Augustine,D.R. Horton,"1341 Horton Circle, Arlington, Texas, 76011, United States",817-390-8200,http://www.drhorton.com/,26609 BUFFALO COURT,Detached Bungalow,4,3,2304,381230,165
Alabama,Daphne,St. Augustine,D.R. Horton,"1341 Horton Circle, Arlington, Texas, 76011, United States",817-390-8200,http://www.drhorton.com/,26664 BUFFALO COURT,Detached Bungalow,4,3,2304,381230,165
Alabama,Daphne,St. Augustine,D.R. Horton,"1341 Horton Circle, Arlington, Texas, 76011, United States",817-390-8200,http://www.drhorton.com/,The Hawthorne,Detached Bungalow,4,3,2486,390900,157
Alabama,Daphne,St. Augustine,D.R. Horton,"1341 Horton Circle, Arlington, Texas, 76011, United States",817-390-8200,http://www.drhorton.com/,10978 CENTIPEDE DRIVE,Detached Bungalow,4,3,2486,399220,161
Alabama,Daphne,St. Augustine,D.R. Horton,"1341 Horton Circle, Arlington, Texas, 76011, United States",817-390-8200,http://www.drhorton.com/,26663 BUFFALO COURT,Detached Bungalow,4,3,2486,400220,161
Alabama,Daphne,St. Augustine,D.R. Horton,"1341 Horton Circle, Arlington, Texas, 76011, United States",817-390-8200,http://www.drhorton.com/,27000 AUGUSTINE DRIVE,Detached Bungalow,4,3,2486,394220,159
Alabama,Daphne,St. Augustine,D.R. Horton,"1341 Horton Circle, Arlington, Texas, 76011, United States",817-390-8200,http://www.drhorton.com/,26642 BUFFALO COURT,Detached Bungalow,4,3,2486,395220,159
Alabama,Daphne,St. Augustine,D.R. Horton,"1341 Horton Circle, Arlington, Texas, 76011, United States",817-390-8200,http://www.drhorton.com/,26717 ZOYSIA COURT,Detached Bungalow,4,3,2486,394220,159
Alabama,Daphne,St. Augustine,D.R. Horton,"1341 Horton Circle, Arlington, Texas, 76011, United States",817-390-8200,http://www.drhorton.com/,The Azalea,Detached Two+ Story,4,3,2496,null,0
Alabama,Daphne,St. Augustine,D.R. Horton,"1341 Horton Circle, Arlington, Texas, 76011, United States",817-390-8200,http://www.drhorton.com/,26758 ZOYSIA COURT,Detached Two+ Story,4,3,2496,384900,154
Alabama,Daphne,St. Augustine,D.R. Horton,"1341 Horton Circle, Arlington, Texas, 76011, United States",817-390-8200,http://www.drhorton.com/,The Camden,Detached Bungalow,4,3,2785,402900,145
Alabama,Daphne,St. Augustine,D.R. Horton,"1341 Horton Circle, Arlington, Texas, 76011, United States",817-390-8200,http://www.drhorton.com/,26685 BUFFALO COURT,Detached Bungalow,4,3,2785,411724,148
Alabama,Daphne,St. Augustine,D.R. Horton,"1341 Horton Circle, Arlington, Texas, 76011, United States",817-390-8200,http://www.drhorton.com/,26610 BUFFALO COURT,Detached Bungalow,4,3,2785,412725,148
Alabama,Daphne,St. Augustine,D.R. Horton,"1341 Horton Circle, Arlington, Texas, 76011, United States",817-390-8200,http://www.drhorton.com/,26603 BUFFALO COURT,Detached Bungalow,4,3,2785,411025,148
Alabama,Daphne,St. Augustine,D.R. Horton,"1341 Horton Circle, Arlington, Texas, 76011, United States",817-390-8200,http://www.drhorton.com/,26647 BUFFALO COURT,Detached Bungalow,4,3,2785,412725,148
Alabama,Daphne,St. Augustine,D.R. Horton,"1341 Horton Circle, Arlington, Texas, 76011, United States",817-390-8200,http://www.drhorton.com/,26733 ZOYSIA COURT,Detached Bungalow,4,3,2785,410142,147
Alabama,Daphne,St. Augustine,D.R. Horton,"1341 Horton Circle, Arlington, Texas, 76011, United States",817-390-8200,http://www.drhorton.com/,27005 AUGUSTINE DRIVE,Detached Bungalow,4,3,2785,410142,147
Alabama,Decatur,River Road Estates,Davidson Homes,"336 James Record Road Southwest, Huntsville, Alabama, 35824, United States",877-999-2009,http://davidsonhomesllc.com/,The Covington A,Two+ Story,3,2,1940,269900,139
Alabama,Decatur,River Road Estates,Davidson Homes,"336 James Record Road Southwest, Huntsville, Alabama, 35824, United States",877-999-2009,http://davidsonhomesllc.com/,3235 Mcclellan Way SE,Two+ Story,3,2,1971,269900,137
Alabama,Decatur,River Road Estates,Davidson Homes,"336 James Record Road Southwest, Huntsville, Alabama, 35824, United States",877-999-2009,http://davidsonhomesllc.com/,3231 Mcclellan Way SE,Two+ Story,3,2,1971,269900,137
Alabama,Decatur,River Road Estates,Davidson Homes,"336 James Record Road Southwest, Huntsville, Alabama, 35824, United States",877-999-2009,http://davidsonhomesllc.com/,3229 Mcclellan Way SE,Two+ Story,3,2,1988,279900,141
Alabama,Decatur,River Road Estates,Davidson Homes,"336 James Record Road Southwest, Huntsville, Alabama, 35824, United States",877-999-2009,http://davidsonhomesllc.com/,3225 Mcclellan Way SE,Two+ Story,3,2,1988,269900,136
Alabama,Decatur,River Road Estates,Davidson Homes,"336 James Record Road Southwest, Huntsville, Alabama, 35824, United States",877-999-2009,http://davidsonhomesllc.com/,3223 Mcclellan Way SE,Two+ Story,3,2,1988,269900,136
Alabama,Decatur,River Road Estates,Davidson Homes,"336 James Record Road Southwest, Huntsville, Alabama, 35824, United States",877-999-2009,http://davidsonhomesllc.com/,3233 Mcclellan Way,Two+ Story,3,2,1988,269900,136
Alabama,Decatur,River Road Estates,Davidson Homes,"336 James Record Road Southwest, Huntsville, Alabama, 35824, United States",877-999-2009,http://davidsonhomesllc.com/,3237 Mcclellan Way SE,Two+ Story,3,2,1988,279900,141
Alabama,Decatur,River Road Estates,Davidson Homes,"336 James Record Road Southwest, Huntsville, Alabama, 35824, United States",877-999-2009,http://davidsonhomesllc.com/,The Montgomery,Detached Bungalow,3,2,1895,299900,158
Alabama,Decatur,River Road Estates,Davidson Homes,"336 James Record Road Southwest, Huntsville, Alabama, 35824, United States",877-999-2009,http://davidsonhomesllc.com/,The Kirkland,Detached Bungalow,3,2,2065,324900,157
Alabama,Decatur,River Road Estates,Davidson Homes,"336 James Record Road Southwest, Huntsville, Alabama, 35824, United States",877-999-2009,http://davidsonhomesllc.com/,3023 Henry Road SE,Detached Two+ Story,3,2,2065,334900,162
Alabama,Decatur,River Road Estates,Davidson Homes,"336 James Record Road Southwest, Huntsville, Alabama, 35824, United States",877-999-2009,http://davidsonhomesllc.com/,The Rockford,Detached Bungalow,3,2,2270,329900,145
Alabama,Decatur,River Road Estates,Davidson Homes,"336 James Record Road Southwest, Huntsville, Alabama, 35824, United States",877-999-2009,http://davidsonhomesllc.com/,3029 Henry Road SE,Detached Two+ Story,3,2,2270,334900,148
Alabama,Decatur,River Road Estates,Davidson Homes,"336 James Record Road Southwest, Huntsville, Alabama, 35824, United States",877-999-2009,http://davidsonhomesllc.com/,The Lanier,Detached Bungalow,4,3,2395,344900,144
Alabama,Decatur,River Road Estates,Davidson Homes,"336 James Record Road Southwest, Huntsville, Alabama, 35824, United States",877-999-2009,http://davidsonhomesllc.com/,The Harrison,Detached Bungalow,4,3,2661,359900,135
Alabama,Decatur,River Road Estates,Davidson Homes,"336 James Record Road Southwest, Huntsville, Alabama, 35824, United States",877-999-2009,http://davidsonhomesllc.com/,3025 Henry Road SE,Detached Two+ Story,4,3,2661,374900,141
Alabama,Decatur,River Road Estates,Davidson Homes,"336 James Record Road Southwest, Huntsville, Alabama, 35824, United States",877-999-2009,http://davidsonhomesllc.com/,The Emory,Detached Two+ Story,4,3,3593,409900,114
Alabama,Decatur,River Road Estates,Davidson Homes,"336 James Record Road Southwest, Huntsville, Alabama, 35824, United States",877-999-2009,http://davidsonhomesllc.com/,The Madison A,Detached Two+ Story,5,4,3199,389900,122
Alabama,Elberta,Elberta,Maronda Homes,"11 Timberglen Drive, Imperial, Pennsylvania, 15126, United States",866-617-4642,http://www.marondahomes.com,11425 Tall Timbers Lane,Detached Two+ Story,4,3,2203,419900,191
Alabama,Elberta,Elberta,Maronda Homes,"11 Timberglen Drive, Imperial, Pennsylvania, 15126, United States",866-617-4642,http://www.marondahomes.com,Huntington,Detached Bungalow,4,3,2286,412000,180
Alabama,Fairhope,Fairhope,Maronda Homes,"11 Timberglen Drive, Imperial, Pennsylvania, 15126, United States",866-617-4642,http://www.marondahomes.com,21819 Veranda Blvd,Detached Two+ Story,4,3,3028,739900,244
Alabama,Fairhope,Fairhope,Maronda Homes,"11 Timberglen Drive, Imperial, Pennsylvania, 15126, United States",866-617-4642,http://www.marondahomes.com,Sienna,Detached Two+ Story,4,3,3029,582300,192
Alabama,Fairhope,Fairhope,Maronda Homes,"11 Timberglen Drive, Imperial, Pennsylvania, 15126, United States",866-617-4642,http://www.marondahomes.com,Livorno,Detached Bungalow,4,3,3130,686700,219
Alabama,Fairhope,Fairhope Falls,D.R. Horton,"1341 Horton Circle, Arlington, Texas, 76011, United States",817-390-8200,http://www.drhorton.com/,13216 SHOSHONEY CIRCLE,Detached Bungalow,4,2,1835,321180,175
Alabama,Fairhope,Fairhope Falls,D.R. Horton,"1341 Horton Circle, Arlington, Texas, 76011, United States",817-390-8200,http://www.drhorton.com/,13204 SHOSHONEY CIRCLE,Detached Bungalow,4,2,1835,321900,175
Alabama,Fairhope,Fairhope Falls,D.R. Horton,"1341 Horton Circle, Arlington, Texas, 76011, United States",817-390-8200,http://www.drhorton.com/,13169 SHOSHONEY CIRCLE,Detached Bungalow,4,2,1835,326900,178
Alabama,Fairhope,Fairhope Falls,D.R. Horton,"1341 Horton Circle, Arlington, Texas, 76011, United States",817-390-8200,http://www.drhorton.com/,13192 SHOSHONEY CIRCLE,Detached Bungalow,4,2,1884,326900,174
Alabama,Fairhope,Fairhope Falls,D.R. Horton,"1341 Horton Circle, Arlington, Texas, 76011, United States",817-390-8200,http://www.drhorton.com/,13147 SHOSHONEY CIRCLE,Detached Bungalow,4,2,1948,334900,172
Alabama,Fairhope,Fairhope Falls,D.R. Horton,"1341 Horton Circle, Arlington, Texas, 76011, United States",817-390-8200,http://www.drhorton.com/,13144 SHOSHONEY CIRCLE,Detached Bungalow,4,2,1948,336202,173
Alabama,Fairhope,Fairhope Falls,D.R. Horton,"1341 Horton Circle, Arlington, Texas, 76011, United States",817-390-8200,http://www.drhorton.com/,21021 YOSEMITE BOULEVARD,Detached Bungalow,4,3,2304,387428,168
Alabama,Fairhope,Fairhope Falls,D.R. Horton,"1341 Horton Circle, Arlington, Texas, 76011, United States",817-390-8200,http://www.drhorton.com/,21020 YOSEMITE BOULEVARD,Detached Bungalow,4,3,2304,383428,166
Alabama,Fairhope,Fairhope Falls,D.R. Horton,"1341 Horton Circle, Arlington, Texas, 76011, United States",817-390-8200,http://www.drhorton.com/,21224 YOSEMITE BOULEVARD,Detached Bungalow,4,3,2304,383428,166
Alabama,Fairhope,Fairhope Falls,D.R. Horton,"1341 Horton Circle, Arlington, Texas, 76011, United States",817-390-8200,http://www.drhorton.com/,21093 YOSEMITE BOULEVARD,Detached Bungalow,4,3,2304,388428,169
Alabama,Fairhope,Fairhope Falls,D.R. Horton,"1341 Horton Circle, Arlington, Texas, 76011, United States",817-390-8200,http://www.drhorton.com/,21178 YOSEMITE BOULEVARD,Detached Bungalow,4,3,2304,383428,166
Alabama,Fairhope,Fairhope Falls,D.R. Horton,"1341 Horton Circle, Arlington, Texas, 76011, United States",817-390-8200,http://www.drhorton.com/,21028 YOSEMITE BOULEVARD,Detached Bungalow,4,3,2304,383428,166
Alabama,Fairhope,Fairhope Falls,D.R. Horton,"1341 Horton Circle, Arlington, Texas, 76011, United States",817-390-8200,http://www.drhorton.com/,21104 YOSEMITE BOULEVARD,Detached Bungalow,4,3,2304,383428,166
Alabama,Fairhope,Fairhope Falls,D.R. Horton,"1341 Horton Circle, Arlington, Texas, 76011, United States",817-390-8200,http://www.drhorton.com/,The Hawthorne,Detached Bungalow,4,3,2486,387000,156
Alabama,Fairhope,Fairhope Falls,D.R. Horton,"1341 Horton Circle, Arlington, Texas, 76011, United States",817-390-8200,http://www.drhorton.com/,21056 YOSEMITE BOULEVARD,Detached Bungalow,4,3,2486,400706,161
Alabama,Fairhope,Fairhope Falls,D.R. Horton,"1341 Horton Circle, Arlington, Texas, 76011, United States",817-390-8200,http://www.drhorton.com/,21107 YOSEMITE BOULEVARD,Detached Bungalow,4,3,2486,395706,159
Alabama,Fairhope,Fairhope Falls,D.R. Horton,"1341 Horton Circle, Arlington, Texas, 76011, United States",817-390-8200,http://www.drhorton.com/,21192 YOSEMITE BOULEVARD,Detached Bungalow,4,3,2486,395706,159
Alabama,Fairhope,Fairhope Falls,D.R. Horton,"1341 Horton Circle, Arlington, Texas, 76011, United States",817-390-8200,http://www.drhorton.com/,21006 YOSEMITE BOULEVARD,Detached Bungalow,4,3,2486,395706,159
Alabama,Fairhope,Fairhope Falls,D.R. Horton,"1341 Horton Circle, Arlington, Texas, 76011, United States",817-390-8200,http://www.drhorton.com/,The Camden,Detached Bungalow,4,3,2785,412000,148
Alabama,Fairhope,Fairhope Falls,D.R. Horton,"1341 Horton Circle, Arlington, Texas, 76011, United States",817-390-8200,http://www.drhorton.com/,21121 YOSEMITE BOULEVARD,Detached Bungalow,4,3,2785,425722,153
Alabama,Fairhope,Fairhope Falls,D.R. Horton,"1341 Horton Circle, Arlington, Texas, 76011, United States",817-390-8200,http://www.drhorton.com/,21042 YOSEMITE BOULEVARD,Detached Bungalow,4,3,2785,420722,151
Alabama,Fairhope,Fairhope Falls,D.R. Horton,"1341 Horton Circle, Arlington, Texas, 76011, United States",817-390-8200,http://www.drhorton.com/,21160 YOSEMITE BOULEVARD,Detached Bungalow,4,3,2785,425722,153
Alabama,Fairhope,Fairhope Falls,D.R. Horton,"1341 Horton Circle, Arlington, Texas, 76011, United States",817-390-8200,http://www.drhorton.com/,21207 YOSEMITE BOULEVARD,Detached Bungalow,4,3,2785,423722,152
Alabama,Fairhope,Fairhope Falls,D.R. Horton,"1341 Horton Circle, Arlington, Texas, 76011, United States",817-390-8200,http://www.drhorton.com/,21234 YOSEMTIE BOULEVARD,Detached Bungalow,4,3,2785,420722,151
Alabama,Fairhope,Fairhope Falls,D.R. Horton,"1341 Horton Circle, Arlington, Texas, 76011, United States",817-390-8200,http://www.drhorton.com/,21007 YOSEMITE BOULEVARD,Detached Bungalow,4,3,2785,420722,151
Alabama,Fairhope,Fairhope Falls,D.R. Horton,"1341 Horton Circle, Arlington, Texas, 76011, United States",817-390-8200,http://www.drhorton.com/,20958 YOSEMITE BOULEVARD,Detached Bungalow,4,3,2785,423017,152
Alabama,Fairhope,Fairhope Falls,D.R. Horton,"1341 Horton Circle, Arlington, Texas, 76011, United States",817-390-8200,http://www.drhorton.com/,21179 YOSEMITE BOULEVARD,Detached Bungalow,4,3,2785,425722,153
Alabama,Fairhope,Fairhope Falls,D.R. Horton,"1341 Horton Circle, Arlington, Texas, 76011, United States",817-390-8200,http://www.drhorton.com/,21208 YOSEMITE BOULEVARD,Detached Bungalow,4,3,2785,420722,151
Alabama,Fairhope,Fairhope Falls,D.R. Horton,"1341 Horton Circle, Arlington, Texas, 76011, United States",817-390-8200,http://www.drhorton.com/,21911 LANDRY LANE,Detached Bungalow,4,3,2785,430722,155
Alabama,Fairhope,Fairhope Falls,D.R. Horton,"1341 Horton Circle, Arlington, Texas, 76011, United States",817-390-8200,http://www.drhorton.com/,21057 YOSEMITE BOULEVARD,Detached Bungalow,4,3,2785,425722,153
Alabama,Fairhope,Riverhorse,D.R. Horton,"1341 Horton Circle, Arlington, Texas, 76011, United States",817-390-8200,http://www.drhorton.com/,697 CALIBRE STREET,Detached Bungalow,4,3,2304,398328,173
Alabama,Fairhope,Riverhorse,D.R. Horton,"1341 Horton Circle, Arlington, Texas, 76011, United States",817-390-8200,http://www.drhorton.com/,705 CALIBRE STREET,Detached Bungalow,4,3,2304,398328,173
Alabama,Fairhope,Riverhorse,D.R. Horton,"1341 Horton Circle, Arlington, Texas, 76011, United States",817-390-8200,http://www.drhorton.com/,696 CALIBRE STREET,Detached Bungalow,4,3,2304,398328,173
Alabama,Fairhope,Riverhorse,D.R. Horton,"1341 Horton Circle, Arlington, Texas, 76011, United States",817-390-8200,http://www.drhorton.com/,The Destin,Detached Bungalow,4,3,2304,394900,171
Alabama,Fairhope,Riverhorse,D.R. Horton,"1341 Horton Circle, Arlington, Texas, 76011, United States",817-390-8200,http://www.drhorton.com/,The Victoria,Detached Bungalow,4,2,2306,390900,170
Alabama,Fairhope,Riverhorse,D.R. Horton,"1341 Horton Circle, Arlington, Texas, 76011, United States",817-390-8200,http://www.drhorton.com/,684 CALIBRE STREET,Detached Bungalow,4,3,2495,408368,164
Alabama,Fairhope,Riverhorse,D.R. Horton,"1341 Horton Circle, Arlington, Texas, 76011, United States",817-390-8200,http://www.drhorton.com/,701 CALIBRE STREET,Detached Bungalow,4,3,2495,408368,164
Alabama,Fairhope,Riverhorse,D.R. Horton,"1341 Horton Circle, Arlington, Texas, 76011, United States",817-390-8200,http://www.drhorton.com/,AVERY,Detached Bungalow,4,3,2495,404900,162
Alabama,Fairhope,Riverhorse,D.R. Horton,"1341 Horton Circle, Arlington, Texas, 76011, United States",817-390-8200,http://www.drhorton.com/,692 CALIBRE STREET,Detached Bungalow,4,3,2785,433622,156
Alabama,Fairhope,Riverhorse,D.R. Horton,"1341 Horton Circle, Arlington, Texas, 76011, United States",817-390-8200,http://www.drhorton.com/,688 CALIBRE STREET,Detached Bungalow,4,3,2785,433570,156
Alabama,Fairhope,Riverhorse,D.R. Horton,"1341 Horton Circle, Arlington, Texas, 76011, United States",817-390-8200,http://www.drhorton.com/,The Camden,Detached Bungalow,4,3,2785,429900,154
Alabama,Fairhope,Spanish Fort,Maronda Homes,"11 Timberglen Drive, Imperial, Pennsylvania, 15126, United States",866-617-4642,http://www.marondahomes.com,Drexel,Detached Bungalow,3,2,1988,362935,183
Alabama,Fairhope,Spanish Fort,Maronda Homes,"11 Timberglen Drive, Imperial, Pennsylvania, 15126, United States",866-617-4642,http://www.marondahomes.com,Miramar,Detached Bungalow,4,2,2151,405700,189
Alabama,Fairhope,Spanish Fort,Maronda Homes,"11 Timberglen Drive, Imperial, Pennsylvania, 15126, United States",866-617-4642,http://www.marondahomes.com,35185 Blakeley Oaks Dr W,Detached Two+ Story,4,2,2151,399900,186
Alabama,Fairhope,Spanish Fort,Maronda Homes,"11 Timberglen Drive, Imperial, Pennsylvania, 15126, United States",866-617-4642,http://www.marondahomes.com,8260 Delta Woods Dr,Detached Two+ Story,4,2,2151,399900,186
Alabama,Fairhope,Spanish Fort,Maronda Homes,"11 Timberglen Drive, Imperial, Pennsylvania, 15126, United States",866-617-4642,http://www.marondahomes.com,Huntington,Detached Bungalow,4,3,2286,401500,176
Alabama,Fairhope,Spanish Fort,Maronda Homes,"11 Timberglen Drive, Imperial, Pennsylvania, 15126, United States",866-617-4642,http://www.marondahomes.com,Columbus,Detached Two+ Story,4,2,3230,428600,133
Alabama,Fairhope,Spanish Fort,Maronda Homes,"11 Timberglen Drive, Imperial, Pennsylvania, 15126, United States",866-617-4642,http://www.marondahomes.com,35904 Cramblitt Lane,Detached Two+ Story,4,2,3252,419900,129